{"cameraMode":{"drawMode":0,"name":"Shaded","section":"Shading Mode"},"sceneLighting":false,"audioPlay":false,"sceneViewState":{"m_AlwaysRefresh":false,"showFog":true,"showSkybox":true,"showFlares":true,"showImageEffects":true,"showParticleSystems":true,"showVisualEffectGraphs":true,"m_FxEnabled":true},"in2DMode":false,"pivot":{"x":1.1447834968566895,"y":1.0308750867843629,"z":-22.904441833496095},"rotation":{"x":-0.1850070357322693,"y":0.05975332483649254,"z":-0.011128176003694535,"w":-0.9809665083885193},"size":1.090155005455017,"orthographic":false}