{"cameraMode":{"drawMode":0,"name":"Shaded","section":"Shading Mode"},"sceneLighting":false,"audioPlay":false,"sceneViewState":{"m_AlwaysRefresh":false,"showFog":true,"showSkybox":true,"showFlares":true,"showImageEffects":true,"showParticleSystems":true,"showVisualEffectGraphs":true,"m_FxEnabled":true},"in2DMode":false,"pivot":{"x":292.7584228515625,"y":0.9238828420639038,"z":-230.59783935546876},"rotation":{"x":0.16571970283985139,"y":-0.017179086804389955,"z":0.002763616619631648,"w":0.9860954284667969},"size":2.0346667766571047,"orthographic":false}